Year, Month, Monthly_MSL, Unverified, Linear_Trend, High_Conf., Low_Conf.
1900, 1, , , 6.680, 7.125, 6.235
1900, 2, , , 6.681, 7.125, 6.236
1900, 3, , , 6.681, 7.125, 6.237
1900, 4, , , 6.681, 7.125, 6.237
1900, 5, , , 6.681, 7.125, 6.238
1900, 6, , , 6.682, 7.125, 6.239
1900, 7, , , 6.682, 7.125, 6.239
1900, 8, , , 6.682, 7.124, 6.240
1900, 9, , , 6.682, 7.124, 6.240
1900, 10, , , 6.683, 7.124, 6.241
1900, 11, , , 6.683, 7.124, 6.242
1900, 12, , , 6.683, 7.124, 6.242
1901, 1, , , 6.683, 7.124, 6.243
1901, 2, , , 6.683, 7.123, 6.244
1901, 3, , , 6.684, 7.123, 6.244
1901, 4, , , 6.684, 7.123, 6.245
1901, 5, , , 6.684, 7.123, 6.245
1901, 6, , , 6.684, 7.123, 6.246
1901, 7, , , 6.685, 7.123, 6.247
1901, 8, , , 6.685, 7.122, 6.247
1901, 9, , , 6.685, 7.122, 6.248
1901, 10, , , 6.685, 7.122, 6.249
1901, 11, , , 6.686, 7.122, 6.249
1901, 12, , , 6.686, 7.122, 6.250
1902, 1, , , 6.686, 7.122, 6.250
1902, 2, , , 6.686, 7.122, 6.251
1902, 3, , , 6.687, 7.121, 6.252
1902, 4, , , 6.687, 7.121, 6.252
1902, 5, , , 6.687, 7.121, 6.253
1902, 6, , , 6.687, 7.121, 6.254
1902, 7, , , 6.687, 7.121, 6.254
1902, 8, , , 6.688, 7.121, 6.255
1902, 9, , , 6.688, 7.120, 6.255
1902, 10, , , 6.688, 7.120, 6.256
1902, 11, , , 6.688, 7.120, 6.257
1902, 12, , , 6.689, 7.120, 6.257
1903, 1, , , 6.689, 7.120, 6.258
1903, 2, , , 6.689, 7.120, 6.259
1903, 3, , , 6.689, 7.119, 6.259
1903, 4, , , 6.690, 7.119, 6.260
1903, 5, , , 6.690, 7.119, 6.260
1903, 6, , , 6.690, 7.119, 6.261
1903, 7, , , 6.690, 7.119, 6.262
1903, 8, , , 6.690, 7.119, 6.262
1903, 9, , , 6.691, 7.119, 6.263
1903, 10, , , 6.691, 7.118, 6.264
1903, 11, , , 6.691, 7.118, 6.264
1903, 12, , , 6.691, 7.118, 6.265
1904, 1, , , 6.692, 7.118, 6.265
1904, 2, , , 6.692, 7.118, 6.266
1904, 3, , , 6.692, 7.118, 6.267
1904, 4, , , 6.692, 7.117, 6.267
1904, 5, , , 6.693, 7.117, 6.268
1904, 6, , , 6.693, 7.117, 6.269
1904, 7, , , 6.693, 7.117, 6.269
1904, 8, , , 6.693, 7.117, 6.270
1904, 9, , , 6.694, 7.117, 6.270
1904, 10, , , 6.694, 7.117, 6.271
1904, 11, , , 6.694, 7.116, 6.272
1904, 12, , , 6.694, 7.116, 6.272
1905, 1, , , 6.694, 7.116, 6.273
1905, 2, , , 6.695, 7.116, 6.274
1905, 3, , , 6.695, 7.116, 6.274
1905, 4, , , 6.695, 7.116, 6.275
1905, 5, , , 6.695, 7.115, 6.275
1905, 6, , , 6.696, 7.115, 6.276
1905, 7, , , 6.696, 7.115, 6.277
1905, 8, , , 6.696, 7.115, 6.277
1905, 9, , , 6.696, 7.115, 6.278
1905, 10, , , 6.697, 7.115, 6.279
1905, 11, , , 6.697, 7.114, 6.279
1905, 12, , , 6.697, 7.114, 6.280
1906, 1, , , 6.697, 7.114, 6.280
1906, 2, , , 6.697, 7.114, 6.281
1906, 3, , , 6.698, 7.114, 6.282
1906, 4, , , 6.698, 7.114, 6.282
1906, 5, , , 6.698, 7.114, 6.283
1906, 6, , , 6.698, 7.113, 6.284
1906, 7, , , 6.699, 7.113, 6.284
1906, 8, , , 6.699, 7.113, 6.285
1906, 9, , , 6.699, 7.113, 6.285
1906, 10, , , 6.699, 7.113, 6.286
1906, 11, , , 6.700, 7.113, 6.287
1906, 12, , , 6.700, 7.112, 6.287
1907, 1, , , 6.700, 7.112, 6.288
1907, 2, , , 6.700, 7.112, 6.288
1907, 3, , , 6.701, 7.112, 6.289
1907, 4, , , 6.701, 7.112, 6.290
1907, 5, , , 6.701, 7.112, 6.290
1907, 6, , , 6.701, 7.111, 6.291
1907, 7, , , 6.701, 7.111, 6.292
1907, 8, , , 6.702, 7.111, 6.292
1907, 9, , , 6.702, 7.111, 6.293
1907, 10, , , 6.702, 7.111, 6.293
1907, 11, , , 6.702, 7.111, 6.294
1907, 12, , , 6.703, 7.111, 6.295
1908, 1, , , 6.703, 7.110, 6.295
1908, 2, , , 6.703, 7.110, 6.296
1908, 3, , , 6.703, 7.110, 6.297
1908, 4, , , 6.704, 7.110, 6.297
1908, 5, , , 6.704, 7.110, 6.298
1908, 6, , , 6.704, 7.110, 6.298
1908, 7, , , 6.704, 7.109, 6.299
1908, 8, , , 6.704, 7.109, 6.300
1908, 9, , , 6.705, 7.109, 6.300
1908, 10, , , 6.705, 7.109, 6.301
1908, 11, , , 6.705, 7.109, 6.302
1908, 12, , , 6.705, 7.109, 6.302
1909, 1, , , 6.706, 7.108, 6.303
1909, 2, , , 6.706, 7.108, 6.303
1909, 3, , , 6.706, 7.108, 6.304
1909, 4, , , 6.706, 7.108, 6.305
1909, 5, , , 6.707, 7.108, 6.305
1909, 6, , , 6.707, 7.108, 6.306
1909, 7, , , 6.707, 7.108, 6.307
1909, 8, , , 6.707, 7.107, 6.307
1909, 9, , , 6.708, 7.107, 6.308
1909, 10, , , 6.708, 7.107, 6.308
1909, 11, , , 6.708, 7.107, 6.309
1909, 12, , , 6.708, 7.107, 6.310
1910, 1, , , 6.708, 7.107, 6.310
1910, 2, , , 6.709, 7.106, 6.311
1910, 3, , , 6.709, 7.106, 6.312
1910, 4, , , 6.709, 7.106, 6.312
1910, 5, , , 6.709, 7.106, 6.313
1910, 6, , , 6.710, 7.106, 6.313
1910, 7, , , 6.710, 7.106, 6.314
1910, 8, , , 6.710, 7.105, 6.315
1910, 9, , , 6.710, 7.105, 6.315
1910, 10, , , 6.711, 7.105, 6.316
1910, 11, , , 6.711, 7.105, 6.317
1910, 12, , , 6.711, 7.105, 6.317
1911, 1, , , 6.711, 7.105, 6.318
1911, 2, , , 6.712, 7.105, 6.318
1911, 3, , , 6.712, 7.104, 6.319
1911, 4, , , 6.712, 7.104, 6.320
1911, 5, , , 6.712, 7.104, 6.320
1911, 6, , , 6.712, 7.104, 6.321
1911, 7, , , 6.713, 7.104, 6.322
1911, 8, , , 6.713, 7.104, 6.322
1911, 9, , , 6.713, 7.103, 6.323
1911, 10, , , 6.713, 7.103, 6.323
1911, 11, , , 6.714, 7.103, 6.324
1911, 12, , , 6.714, 7.103, 6.325
1912, 1, , , 6.714, 7.103, 6.325
1912, 2, , , 6.714, 7.103, 6.326
1912, 3, , , 6.715, 7.103, 6.327
1912, 4, , , 6.715, 7.102, 6.327
1912, 5, , , 6.715, 7.102, 6.328
1912, 6, , , 6.715, 7.102, 6.328
1912, 7, , , 6.715, 7.102, 6.329
1912, 8, , , 6.716, 7.102, 6.330
1912, 9, , , 6.716, 7.102, 6.330
1912, 10, , , 6.716, 7.101, 6.331
1912, 11, , , 6.716, 7.101, 6.332
1912, 12, , , 6.717, 7.101, 6.332
1913, 1, , , 6.717, 7.101, 6.333
1913, 2, , , 6.717, 7.101, 6.333
1913, 3, , , 6.717, 7.101, 6.334
1913, 4, , , 6.718, 7.100, 6.335
1913, 5, , , 6.718, 7.100, 6.335
1913, 6, , , 6.718, 7.100, 6.336
1913, 7, , , 6.718, 7.100, 6.337
1913, 8, , , 6.719, 7.100, 6.337
1913, 9, , , 6.719, 7.100, 6.338
1913, 10, , , 6.719, 7.100, 6.338
1913, 11, , , 6.719, 7.099, 6.339
1913, 12, , , 6.719, 7.099, 6.340
1914, 1, , , 6.720, 7.099, 6.340
1914, 2, , , 6.720, 7.099, 6.341
1914, 3, , , 6.720, 7.099, 6.342
1914, 4, , , 6.720, 7.099, 6.342
1914, 5, , , 6.721, 7.098, 6.343
1914, 6, , , 6.721, 7.098, 6.343
1914, 7, , , 6.721, 7.098, 6.344
1914, 8, , , 6.721, 7.098, 6.345
1914, 9, , , 6.722, 7.098, 6.345
1914, 10, , , 6.722, 7.098, 6.346
1914, 11, , , 6.722, 7.097, 6.347
1914, 12, , , 6.722, 7.097, 6.347
1915, 1, , , 6.722, 7.097, 6.348
1915, 2, , , 6.723, 7.097, 6.348
1915, 3, , , 6.723, 7.097, 6.349
1915, 4, , , 6.723, 7.097, 6.350
1915, 5, , , 6.723, 7.097, 6.350
1915, 6, , , 6.724, 7.096, 6.351
1915, 7, , , 6.724, 7.096, 6.351
1915, 8, , , 6.724, 7.096, 6.352
1915, 9, , , 6.724, 7.096, 6.353
1915, 10, , , 6.725, 7.096, 6.353
1915, 11, , , 6.725, 7.096, 6.354
1915, 12, , , 6.725, 7.095, 6.355
1916, 1, , , 6.725, 7.095, 6.355
1916, 2, , , 6.726, 7.095, 6.356
1916, 3, , , 6.726, 7.095, 6.356
1916, 4, , , 6.726, 7.095, 6.357
1916, 5, , , 6.726, 7.095, 6.358
1916, 6, , , 6.726, 7.095, 6.358
1916, 7, , , 6.727, 7.094, 6.359
1916, 8, , , 6.727, 7.094, 6.360
1916, 9, , , 6.727, 7.094, 6.360
1916, 10, , , 6.727, 7.094, 6.361
1916, 11, , , 6.728, 7.094, 6.361
1916, 12, , , 6.728, 7.094, 6.362
1917, 1, , , 6.728, 7.093, 6.363
1917, 2, , , 6.728, 7.093, 6.363
1917, 3, , , 6.729, 7.093, 6.364
1917, 4, , , 6.729, 7.093, 6.365
1917, 5, , , 6.729, 7.093, 6.365
1917, 6, , , 6.729, 7.093, 6.366
1917, 7, , , 6.729, 7.092, 6.366
1917, 8, , , 6.730, 7.092, 6.367
1917, 9, , , 6.730, 7.092, 6.368
1917, 10, , , 6.730, 7.092, 6.368
1917, 11, , , 6.730, 7.092, 6.369
1917, 12, , , 6.731, 7.092, 6.370
1918, 1, , , 6.731, 7.092, 6.370
1918, 2, , , 6.731, 7.091, 6.371
1918, 3, , , 6.731, 7.091, 6.371
1918, 4, , , 6.732, 7.091, 6.372
1918, 5, , , 6.732, 7.091, 6.373
1918, 6, , , 6.732, 7.091, 6.373
1918, 7, , , 6.732, 7.091, 6.374
1918, 8, , , 6.733, 7.090, 6.375
1918, 9, , , 6.733, 7.090, 6.375
1918, 10, , , 6.733, 7.090, 6.376
1918, 11, , , 6.733, 7.090, 6.376
1918, 12, , , 6.733, 7.090, 6.377
1919, 1, , , 6.734, 7.090, 6.378
1919, 2, , , 6.734, 7.090, 6.378
1919, 3, , , 6.734, 7.089, 6.379
1919, 4, , , 6.734, 7.089, 6.380
1919, 5, , , 6.735, 7.089, 6.380
1919, 6, , , 6.735, 7.089, 6.381
1919, 7, , , 6.735, 7.089, 6.381
1919, 8, , , 6.735, 7.089, 6.382
1919, 9, , , 6.736, 7.088, 6.383
1919, 10, , , 6.736, 7.088, 6.383
1919, 11, , , 6.736, 7.088, 6.384
1919, 12, , , 6.736, 7.088, 6.385
1920, 1, , , 6.736, 7.088, 6.385
1920, 2, , , 6.737, 7.088, 6.386
1920, 3, , , 6.737, 7.087, 6.386
1920, 4, , , 6.737, 7.087, 6.387
1920, 5, , , 6.737, 7.087, 6.388
1920, 6, , , 6.738, 7.087, 6.388
1920, 7, , , 6.738, 7.087, 6.389
1920, 8, , , 6.738, 7.087, 6.390
1920, 9, , , 6.738, 7.087, 6.390
1920, 10, , , 6.739, 7.086, 6.391
1920, 11, , , 6.739, 7.086, 6.391
1920, 12, , , 6.739, 7.086, 6.392
1921, 1, , , 6.739, 7.086, 6.393
1921, 2, , , 6.740, 7.086, 6.393
1921, 3, , , 6.740, 7.086, 6.394
1921, 4, , , 6.740, 7.085, 6.394
1921, 5, , , 6.740, 7.085, 6.395
1921, 6, , , 6.740, 7.085, 6.396
1921, 7, , , 6.741, 7.085, 6.396
1921, 8, , , 6.741, 7.085, 6.397
1921, 9, , , 6.741, 7.085, 6.398
1921, 10, , , 6.741, 7.085, 6.398
1921, 11, , , 6.742, 7.084, 6.399
1921, 12, , , 6.742, 7.084, 6.399
1922, 1, , , 6.742, 7.084, 6.400
1922, 2, , , 6.742, 7.084, 6.401
1922, 3, , , 6.743, 7.084, 6.401
1922, 4, , , 6.743, 7.084, 6.402
1922, 5, , , 6.743, 7.083, 6.403
1922, 6, , , 6.743, 7.083, 6.403
1922, 7, , , 6.743, 7.083, 6.404
1922, 8, , , 6.744, 7.083, 6.404
1922, 9, , , 6.744, 7.083, 6.405
1922, 10, , , 6.744, 7.083, 6.406
1922, 11, , , 6.744, 7.082, 6.406
1922, 12, , , 6.745, 7.082, 6.407
1923, 1, , , 6.745, 7.082, 6.408
1923, 2, , , 6.745, 7.082, 6.408
1923, 3, , , 6.745, 7.082, 6.409
1923, 4, , , 6.746, 7.082, 6.409
1923, 5, , , 6.746, 7.082, 6.410
1923, 6, , , 6.746, 7.081, 6.411
1923, 7, , , 6.746, 7.081, 6.411
1923, 8, , , 6.747, 7.081, 6.412
1923, 9, , , 6.747, 7.081, 6.413
1923, 10, , , 6.747, 7.081, 6.413
1923, 11, , , 6.747, 7.081, 6.414
1923, 12, , , 6.747, 7.080, 6.414
1924, 1, , , 6.748, 7.080, 6.415
1924, 2, , , 6.748, 7.080, 6.416
1924, 3, , , 6.748, 7.080, 6.416
1924, 4, , , 6.748, 7.080, 6.417
1924, 5, , , 6.749, 7.080, 6.418
1924, 6, , , 6.749, 7.080, 6.418
1924, 7, , , 6.749, 7.079, 6.419
1924, 8, , , 6.749, 7.079, 6.419
1924, 9, , , 6.750, 7.079, 6.420
1924, 10, , , 6.750, 7.079, 6.421
1924, 11, , , 6.750, 7.079, 6.421
1924, 12, , , 6.750, 7.079, 6.422
1925, 1, , , 6.750, 7.078, 6.423
1925, 2, , , 6.751, 7.078, 6.423
1925, 3, , , 6.751, 7.078, 6.424
1925, 4, , , 6.751, 7.078, 6.424
1925, 5, , , 6.751, 7.078, 6.425
1925, 6, , , 6.752, 7.078, 6.426
1925, 7, , , 6.752, 7.078, 6.426
1925, 8, , , 6.752, 7.077, 6.427
1925, 9, , , 6.752, 7.077, 6.427
1925, 10, , , 6.753, 7.077, 6.428
1925, 11, , , 6.753, 7.077, 6.429
1925, 12, , , 6.753, 7.077, 6.429
1926, 1, , , 6.753, 7.077, 6.430
1926, 2, , , 6.754, 7.076, 6.431
1926, 3, , , 6.754, 7.076, 6.431
1926, 4, , , 6.754, 7.076, 6.432
1926, 5, , , 6.754, 7.076, 6.432
1926, 6, , , 6.754, 7.076, 6.433
1926, 7, , , 6.755, 7.076, 6.434
1926, 8, , , 6.755, 7.075, 6.434
1926, 9, , , 6.755, 7.075, 6.435
1926, 10, , , 6.755, 7.075, 6.436
1926, 11, , , 6.756, 7.075, 6.436
1926, 12, , , 6.756, 7.075, 6.437
1927, 1, , , 6.756, 7.075, 6.437
1927, 2, , , 6.756, 7.075, 6.438
1927, 3, , , 6.757, 7.074, 6.439
1927, 4, , , 6.757, 7.074, 6.439
1927, 5, , , 6.757, 7.074, 6.440
1927, 6, , , 6.757, 7.074, 6.441
1927, 7, , , 6.757, 7.074, 6.441
1927, 8, , , 6.758, 7.074, 6.442
1927, 9, , , 6.758, 7.073, 6.442
1927, 10, , , 6.758, 7.073, 6.443
1927, 11, , , 6.758, 7.073, 6.444
1927, 12, , , 6.759, 7.073, 6.444
1928, 1, , , 6.759, 7.073, 6.445
1928, 2, , , 6.759, 7.073, 6.446
1928, 3, , , 6.759, 7.073, 6.446
1928, 4, , , 6.760, 7.072, 6.447
1928, 5, , , 6.760, 7.072, 6.447
1928, 6, , , 6.760, 7.072, 6.448
1928, 7, , , 6.760, 7.072, 6.449
1928, 8, , , 6.761, 7.072, 6.449
1928, 9, , , 6.761, 7.072, 6.450
1928, 10, , , 6.761, 7.071, 6.451
1928, 11, , , 6.761, 7.071, 6.451
1928, 12, , , 6.761, 7.071, 6.452
1929, 1, , , 6.762, 7.071, 6.452
1929, 2, , , 6.762, 7.071, 6.453
1929, 3, , , 6.762, 7.071, 6.454
1929, 4, , , 6.762, 7.071, 6.454
1929, 5, , , 6.763, 7.070, 6.455
1929, 6, , , 6.763, 7.070, 6.455
1929, 7, , , 6.763, 7.070, 6.456
1929, 8, , , 6.763, 7.070, 6.457
1929, 9, , , 6.764, 7.070, 6.457
1929, 10, , , 6.764, 7.070, 6.458
1929, 11, , , 6.764, 7.069, 6.459
1929, 12, , , 6.764, 7.069, 6.459
1930, 1, , , 6.764, 7.069, 6.460
1930, 2, , , 6.765, 7.069, 6.460
1930, 3, , , 6.765, 7.069, 6.461
1930, 4, , , 6.765, 7.069, 6.462
1930, 5, , , 6.765, 7.069, 6.462
1930, 6, , , 6.766, 7.068, 6.463
1930, 7, , , 6.766, 7.068, 6.464
1930, 8, , , 6.766, 7.068, 6.464
1930, 9, , , 6.766, 7.068, 6.465
1930, 10, , , 6.767, 7.068, 6.465
1930, 11, , , 6.767, 7.068, 6.466
1930, 12, , , 6.767, 7.067, 6.467
1931, 1, , , 6.767, 7.067, 6.467
1931, 2, , , 6.768, 7.067, 6.468
1931, 3, , , 6.768, 7.067, 6.469
1931, 4, , , 6.768, 7.067, 6.469
1931, 5, , , 6.768, 7.067, 6.470
1931, 6, , , 6.768, 7.066, 6.470
1931, 7, , , 6.769, 7.066, 6.471
1931, 8, , , 6.769, 7.066, 6.472
1931, 9, , , 6.769, 7.066, 6.472
1931, 10, , , 6.769, 7.066, 6.473
1931, 11, , , 6.770, 7.066, 6.474
1931, 12, , , 6.770, 7.066, 6.474
1932, 1, , , 6.770, 7.065, 6.475
1932, 2, , , 6.770, 7.065, 6.475
1932, 3, , , 6.771, 7.065, 6.476
1932, 4, , , 6.771, 7.065, 6.477
1932, 5, , , 6.771, 7.065, 6.477
1932, 6, , , 6.771, 7.065, 6.478
1932, 7, , , 6.771, 7.064, 6.478
1932, 8, , , 6.772, 7.064, 6.479
1932, 9, , , 6.772, 7.064, 6.480
1932, 10, , , 6.772, 7.064, 6.480
1932, 11, , , 6.772, 7.064, 6.481
1932, 12, , , 6.773, 7.064, 6.482
1933, 1, , , 6.773, 7.064, 6.482
1933, 2, , , 6.773, 7.063, 6.483
1933, 3, , , 6.773, 7.063, 6.483
1933, 4, , , 6.774, 7.063, 6.484
1933, 5, , , 6.774, 7.063, 6.485
1933, 6, , , 6.774, 7.063, 6.485
1933, 7, , , 6.774, 7.063, 6.486
1933, 8, , , 6.775, 7.062, 6.487
1933, 9, , , 6.775, 7.062, 6.487
1933, 10, , , 6.775, 7.062, 6.488
1933, 11, , , 6.775, 7.062, 6.488
1933, 12, , , 6.775, 7.062, 6.489
1934, 1, , , 6.776, 7.062, 6.490
1934, 2, , , 6.776, 7.062, 6.490
1934, 3, , , 6.776, 7.061, 6.491
1934, 4, , , 6.776, 7.061, 6.492
1934, 5, , , 6.777, 7.061, 6.492
1934, 6, , , 6.777, 7.061, 6.493
1934, 7, , , 6.777, 7.061, 6.493
1934, 8, , , 6.777, 7.061, 6.494
1934, 9, , , 6.778, 7.060, 6.495
1934, 10, , , 6.778, 7.060, 6.495
1934, 11, , , 6.778, 7.060, 6.496
1934, 12, , , 6.778, 7.060, 6.496
1935, 1, , , 6.778, 7.060, 6.497
1935, 2, , , 6.779, 7.060, 6.498
1935, 3, , , 6.779, 7.060, 6.498
1935, 4, , , 6.779, 7.059, 6.499
1935, 5, , , 6.779, 7.059, 6.500
1935, 6, , , 6.780, 7.059, 6.500
1935, 7, , , 6.780, 7.059, 6.501
1935, 8, , , 6.780, 7.059, 6.501
1935, 9, , , 6.780, 7.059, 6.502
1935, 10, , , 6.781, 7.058, 6.503
1935, 11, , , 6.781, 7.058, 6.503
1935, 12, , , 6.781, 7.058, 6.504
1936, 1, , , 6.781, 7.058, 6.505
1936, 2, , , 6.782, 7.058, 6.505
1936, 3, , , 6.782, 7.058, 6.506
1936, 4, , , 6.782, 7.058, 6.506
1936, 5, , , 6.782, 7.057, 6.507
1936, 6, , , 6.782, 7.057, 6.508
1936, 7, , , 6.783, 7.057, 6.508
1936, 8, , , 6.783, 7.057, 6.509
1936, 9, , , 6.783, 7.057, 6.510
1936, 10, , , 6.783, 7.057, 6.510
1936, 11, , , 6.784, 7.056, 6.511
1936, 12, , , 6.784, 7.056, 6.511
1937, 1, , , 6.784, 7.056, 6.512
1937, 2, , , 6.784, 7.056, 6.513
1937, 3, , , 6.785, 7.056, 6.513
1937, 4, , , 6.785, 7.056, 6.514
1937, 5, , , 6.785, 7.056, 6.514
1937, 6, , , 6.785, 7.055, 6.515
1937, 7, , , 6.785, 7.055, 6.516
1937, 8, , , 6.786, 7.055, 6.516
1937, 9, , , 6.786, 7.055, 6.517
1937, 10, , , 6.786, 7.055, 6.518
1937, 11, , , 6.786, 7.055, 6.518
1937, 12, , , 6.787, 7.054, 6.519
1938, 1, , , 6.787, 7.054, 6.519
1938, 2, , , 6.787, 7.054, 6.520
1938, 3, , , 6.787, 7.054, 6.521
1938, 4, , , 6.788, 7.054, 6.521
1938, 5, , , 6.788, 7.054, 6.522
1938, 6, , , 6.788, 7.054, 6.523
1938, 7, , , 6.788, 7.053, 6.523
1938, 8, , , 6.789, 7.053, 6.524
1938, 9, , , 6.789, 7.053, 6.524
1938, 10, , , 6.789, 7.053, 6.525
1938, 11, , , 6.789, 7.053, 6.526
1938, 12, , , 6.789, 7.053, 6.526
1939, 1, , , 6.790, 7.052, 6.527
1939, 2, , , 6.790, 7.052, 6.527
1939, 3, , , 6.790, 7.052, 6.528
1939, 4, , , 6.790, 7.052, 6.529
1939, 5, , , 6.791, 7.052, 6.529
1939, 6, , , 6.791, 7.052, 6.530
1939, 7, , , 6.791, 7.052, 6.531
1939, 8, , , 6.791, 7.051, 6.531
1939, 9, , , 6.792, 7.051, 6.532
1939, 10, , , 6.792, 7.051, 6.532
1939, 11, , , 6.792, 7.051, 6.533
1939, 12, , , 6.792, 7.051, 6.534
1940, 1, , , 6.792, 7.051, 6.534
1940, 2, , , 6.793, 7.051, 6.535
1940, 3, , , 6.793, 7.050, 6.536
1940, 4, , , 6.793, 7.050, 6.536
1940, 5, , , 6.793, 7.050, 6.537
1940, 6, , , 6.794, 7.050, 6.537
1940, 7, , , 6.794, 7.050, 6.538
1940, 8, , , 6.794, 7.050, 6.539
1940, 9, , , 6.794, 7.049, 6.539
1940, 10, , , 6.795, 7.049, 6.540
1940, 11, , , 6.795, 7.049, 6.541
1940, 12, , , 6.795, 7.049, 6.541
1941, 1, , , 6.795, 7.049, 6.542
1941, 2, , , 6.796, 7.049, 6.542
1941, 3, , , 6.796, 7.049, 6.543
1941, 4, , , 6.796, 7.048, 6.544
1941, 5, , , 6.796, 7.048, 6.544
1941, 6, , , 6.796, 7.048, 6.545
1941, 7, , , 6.797, 7.048, 6.545
1941, 8, , , 6.797, 7.048, 6.546
1941, 9, , , 6.797, 7.048, 6.547
1941, 10, , , 6.797, 7.047, 6.547
1941, 11, , , 6.798, 7.047, 6.548
1941, 12, , , 6.798, 7.047, 6.549
1942, 1, , , 6.798, 7.047, 6.549
1942, 2, , , 6.798, 7.047, 6.550
1942, 3, , , 6.799, 7.047, 6.550
1942, 4, , , 6.799, 7.047, 6.551
1942, 5, , , 6.799, 7.046, 6.552
1942, 6, , , 6.799, 7.046, 6.552
1942, 7, , , 6.799, 7.046, 6.553
1942, 8, , , 6.800, 7.046, 6.554
1942, 9, , , 6.800, 7.046, 6.554
1942, 10, , , 6.800, 7.046, 6.555
1942, 11, , , 6.800, 7.045, 6.555
1942, 12, , , 6.801, 7.045, 6.556
1943, 1, , , 6.801, 7.045, 6.557
1943, 2, , , 6.801, 7.045, 6.557
1943, 3, , , 6.801, 7.045, 6.558
1943, 4, , , 6.802, 7.045, 6.558
1943, 5, , , 6.802, 7.045, 6.559
1943, 6, , , 6.802, 7.044, 6.560
1943, 7, , , 6.802, 7.044, 6.560
1943, 8, , , 6.803, 7.044, 6.561
1943, 9, , , 6.803, 7.044, 6.562
1943, 10, , , 6.803, 7.044, 6.562
1943, 11, , , 6.803, 7.044, 6.563
1943, 12, , , 6.803, 7.044, 6.563
1944, 1, , , 6.804, 7.043, 6.564
1944, 2, , , 6.804, 7.043, 6.565
1944, 3, , , 6.804, 7.043, 6.565
1944, 4, , , 6.804, 7.043, 6.566
1944, 5, , , 6.805, 7.043, 6.566
1944, 6, , , 6.805, 7.043, 6.567
1944, 7, , , 6.805, 7.042, 6.568
1944, 8, , , 6.805, 7.042, 6.568
1944, 9, , , 6.806, 7.042, 6.569
1944, 10, , , 6.806, 7.042, 6.570
1944, 11, , , 6.806, 7.042, 6.570
1944, 12, , , 6.806, 7.042, 6.571
1945, 1, , , 6.806, 7.042, 6.571
1945, 2, , , 6.807, 7.041, 6.572
1945, 3, , , 6.807, 7.041, 6.573
1945, 4, , , 6.807, 7.041, 6.573
1945, 5, , , 6.807, 7.041, 6.574
1945, 6, , , 6.808, 7.041, 6.575
1945, 7, , , 6.808, 7.041, 6.575
1945, 8, , , 6.808, 7.040, 6.576
1945, 9, , , 6.808, 7.040, 6.576
1945, 10, , , 6.809, 7.040, 6.577
1945, 11, , , 6.809, 7.040, 6.578
1945, 12, , , 6.809, 7.040, 6.578
1946, 1, , , 6.809, 7.040, 6.579
1946, 2, , , 6.810, 7.040, 6.579
1946, 3, , , 6.810, 7.039, 6.580
1946, 4, , , 6.810, 7.039, 6.581
1946, 5, , , 6.810, 7.039, 6.581
1946, 6, , , 6.810, 7.039, 6.582
1946, 7, , , 6.811, 7.039, 6.583
1946, 8, , , 6.811, 7.039, 6.583
1946, 9, , , 6.811, 7.039, 6.584
1946, 10, , , 6.811, 7.038, 6.584
1946, 11, , , 6.812, 7.038, 6.585
1946, 12, , , 6.812, 7.038, 6.586
1947, 1, , , 6.812, 7.038, 6.586
1947, 2, , , 6.812, 7.038, 6.587
1947, 3, , , 6.813, 7.038, 6.587
1947, 4, , , 6.813, 7.037, 6.588
1947, 5, , , 6.813, 7.037, 6.589
1947, 6, , , 6.813, 7.037, 6.589
1947, 7, , , 6.813, 7.037, 6.590
1947, 8, , , 6.814, 7.037, 6.591
1947, 9, , , 6.814, 7.037, 6.591
1947, 10, , , 6.814, 7.037, 6.592
1947, 11, , , 6.814, 7.036, 6.592
1947, 12, , , 6.815, 7.036, 6.593
1948, 1, , , 6.815, 7.036, 6.594
1948, 2, , , 6.815, 7.036, 6.594
1948, 3, , , 6.815, 7.036, 6.595
1948, 4, , , 6.816, 7.036, 6.596
1948, 5, , , 6.816, 7.036, 6.596
1948, 6, , , 6.816, 7.035, 6.597
1948, 7, , , 6.816, 7.035, 6.597
1948, 8, , , 6.817, 7.035, 6.598
1948, 9, , , 6.817, 7.035, 6.599
1948, 10, , , 6.817, 7.035, 6.599
1948, 11, , , 6.817, 7.035, 6.600
1948, 12, , , 6.817, 7.034, 6.600
1949, 1, , , 6.818, 7.034, 6.601
1949, 2, , , 6.818, 7.034, 6.602
1949, 3, , , 6.818, 7.034, 6.602
1949, 4, , , 6.818, 7.034, 6.603
1949, 5, , , 6.819, 7.034, 6.604
1949, 6, , , 6.819, 7.034, 6.604
1949, 7, , , 6.819, 7.033, 6.605
1949, 8, , , 6.819, 7.033, 6.605
1949, 9, , , 6.820, 7.033, 6.606
1949, 10, , , 6.820, 7.033, 6.607
1949, 11, , , 6.820, 7.033, 6.607
1949, 12, , , 6.820, 7.033, 6.608
1950, 1, , , 6.820, 7.033, 6.608
1950, 2, , , 6.821, 7.032, 6.609
1950, 3, , , 6.821, 7.032, 6.610
1950, 4, , , 6.821, 7.032, 6.610
1950, 5, , , 6.821, 7.032, 6.611
1950, 6, , , 6.822, 7.032, 6.612
1950, 7, , , 6.822, 7.032, 6.612
1950, 8, , , 6.822, 7.031, 6.613
1950, 9, , , 6.822, 7.031, 6.613
1950, 10, , , 6.823, 7.031, 6.614
1950, 11, , , 6.823, 7.031, 6.615
1950, 12, , , 6.823, 7.031, 6.615
1951, 1, , , 6.823, 7.031, 6.616
1951, 2, , , 6.824, 7.031, 6.616
1951, 3, , , 6.824, 7.030, 6.617
1951, 4, , , 6.824, 7.030, 6.618
1951, 5, , , 6.824, 7.030, 6.618
1951, 6, , , 6.824, 7.030, 6.619
1951, 7, , , 6.825, 7.030, 6.620
1951, 8, , , 6.825, 7.030, 6.620
1951, 9, , , 6.825, 7.030, 6.621
1951, 10, , , 6.825, 7.029, 6.621
1951, 11, , , 6.826, 7.029, 6.622
1951, 12, , , 6.826, 7.029, 6.623
1952, 1, , , 6.826, 7.029, 6.623
1952, 2, , , 6.826, 7.029, 6.624
1952, 3, , , 6.827, 7.029, 6.624
1952, 4, , , 6.827, 7.029, 6.625
1952, 5, , , 6.827, 7.028, 6.626
1952, 6, , , 6.827, 7.028, 6.626
1952, 7, , , 6.827, 7.028, 6.627
1952, 8, , , 6.828, 7.028, 6.628
1952, 9, , , 6.828, 7.028, 6.628
1952, 10, , , 6.828, 7.028, 6.629
1952, 11, , , 6.828, 7.027, 6.629
1952, 12, , , 6.829, 7.027, 6.630
1953, 1, , , 6.829, 7.027, 6.631
1953, 2, , , 6.829, 7.027, 6.631
1953, 3, , , 6.829, 7.027, 6.632
1953, 4, , , 6.830, 7.027, 6.632
1953, 5, , , 6.830, 7.027, 6.633
1953, 6, , , 6.830, 7.026, 6.634
1953, 7, , , 6.830, 7.026, 6.634
1953, 8, , , 6.831, 7.026, 6.635
1953, 9, , , 6.831, 7.026, 6.636
1953, 10, , , 6.831, 7.026, 6.636
1953, 11, , , 6.831, 7.026, 6.637
1953, 12, , , 6.831, 7.026, 6.637
1954, 1, , , 6.832, 7.025, 6.638
1954, 2, , , 6.832, 7.025, 6.639
1954, 3, , , 6.832, 7.025, 6.639
1954, 4, , , 6.832, 7.025, 6.640
1954, 5, , , 6.833, 7.025, 6.640
1954, 6, , , 6.833, 7.025, 6.641
1954, 7, , , 6.833, 7.025, 6.642
1954, 8, , , 6.833, 7.024, 6.642
1954, 9, , , 6.834, 7.024, 6.643
1954, 10, , , 6.834, 7.024, 6.643
1954, 11, , , 6.834, 7.024, 6.644
1954, 12, , , 6.834, 7.024, 6.645
1955, 1, , , 6.834, 7.024, 6.645
1955, 2, , , 6.835, 7.024, 6.646
1955, 3, , , 6.835, 7.023, 6.647
1955, 4, , , 6.835, 7.023, 6.647
1955, 5, , , 6.835, 7.023, 6.648
1955, 6, , , 6.836, 7.023, 6.648
1955, 7, , , 6.836, 7.023, 6.649
1955, 8, , , 6.836, 7.023, 6.650
1955, 9, , , 6.836, 7.023, 6.650
1955, 10, , , 6.837, 7.022, 6.651
1955, 11, , , 6.837, 7.022, 6.651
1955, 12, , , 6.837, 7.022, 6.652
1956, 1, , , 6.837, 7.022, 6.653
1956, 2, , , 6.838, 7.022, 6.653
1956, 3, , , 6.838, 7.022, 6.654
1956, 4, , , 6.838, 7.021, 6.655
1956, 5, , , 6.838, 7.021, 6.655
1956, 6, , , 6.838, 7.021, 6.656
1956, 7, , , 6.839, 7.021, 6.656
1956, 8, , , 6.839, 7.021, 6.657
1956, 9, , , 6.839, 7.021, 6.658
1956, 10, , , 6.839, 7.021, 6.658
1956, 11, , , 6.840, 7.020, 6.659
1956, 12, , , 6.840, 7.020, 6.659
1957, 1, , , 6.840, 7.020, 6.660
1957, 2, , , 6.840, 7.020, 6.661
1957, 3, , , 6.841, 7.020, 6.661
1957, 4, , , 6.841, 7.020, 6.662
1957, 5, , , 6.841, 7.020, 6.662
1957, 6, , , 6.841, 7.019, 6.663
1957, 7, , , 6.842, 7.019, 6.664
1957, 8, , , 6.842, 7.019, 6.664
1957, 9, , , 6.842, 7.019, 6.665
1957, 10, , , 6.842, 7.019, 6.666
1957, 11, , , 6.842, 7.019, 6.666
1957, 12, , , 6.843, 7.019, 6.667
1958, 1, , , 6.843, 7.018, 6.667
1958, 2, , , 6.843, 7.018, 6.668
1958, 3, , , 6.843, 7.018, 6.669
1958, 4, , , 6.844, 7.018, 6.669
1958, 5, , , 6.844, 7.018, 6.670
1958, 6, , , 6.844, 7.018, 6.670
1958, 7, , , 6.844, 7.018, 6.671
1958, 8, , , 6.845, 7.017, 6.672
1958, 9, , , 6.845, 7.017, 6.672
1958, 10, , , 6.845, 7.017, 6.673
1958, 11, , , 6.845, 7.017, 6.673
1958, 12, , , 6.845, 7.017, 6.674
1959, 1, , , 6.846, 7.017, 6.675
1959, 2, , , 6.846, 7.017, 6.675
1959, 3, , , 6.846, 7.016, 6.676
1959, 4, , , 6.846, 7.016, 6.676
1959, 5, , , 6.847, 7.016, 6.677
1959, 6, , , 6.847, 7.016, 6.678
1959, 7, , , 6.847, 7.016, 6.678
1959, 8, , , 6.847, 7.016, 6.679
1959, 9, , , 6.848, 7.016, 6.680
1959, 10, , , 6.848, 7.015, 6.680
1959, 11, , , 6.848, 7.015, 6.681
1959, 12, , , 6.848, 7.015, 6.681
1960, 1, , , 6.849, 7.015, 6.682
1960, 2, , , 6.849, 7.015, 6.683
1960, 3, , , 6.849, 7.015, 6.683
1960, 4, , , 6.849, 7.015, 6.684
1960, 5, , , 6.849, 7.014, 6.684
1960, 6, , , 6.850, 7.014, 6.685
1960, 7, , , 6.850, 7.014, 6.686
1960, 8, , , 6.850, 7.014, 6.686
1960, 9, , , 6.850, 7.014, 6.687
1960, 10, , , 6.851, 7.014, 6.687
1960, 11, , , 6.851, 7.014, 6.688
1960, 12, , , 6.851, 7.013, 6.689
1961, 1, , , 6.851, 7.013, 6.689
1961, 2, , , 6.852, 7.013, 6.690
1961, 3, , , 6.852, 7.013, 6.690
1961, 4, , , 6.852, 7.013, 6.691
1961, 5, , , 6.852, 7.013, 6.692
1961, 6, , , 6.852, 7.013, 6.692
1961, 7, , , 6.853, 7.012, 6.693
1961, 8, , , 6.853, 7.012, 6.694
1961, 9, , , 6.853, 7.012, 6.694
1961, 10, , , 6.853, 7.012, 6.695
1961, 11, , , 6.854, 7.012, 6.695
1961, 12, , , 6.854, 7.012, 6.696
1962, 1, , , 6.854, 7.012, 6.697
1962, 2, , , 6.854, 7.012, 6.697
1962, 3, , , 6.855, 7.011, 6.698
1962, 4, , , 6.855, 7.011, 6.698
1962, 5, , , 6.855, 7.011, 6.699
1962, 6, , , 6.855, 7.011, 6.700
1962, 7, , , 6.856, 7.011, 6.700
1962, 8, , , 6.856, 7.011, 6.701
1962, 9, , , 6.856, 7.011, 6.701
1962, 10, , , 6.856, 7.010, 6.702
1962, 11, , , 6.856, 7.010, 6.703
1962, 12, , , 6.857, 7.010, 6.703
1963, 1, , , 6.857, 7.010, 6.704
1963, 2, , , 6.857, 7.010, 6.704
1963, 3, , , 6.857, 7.010, 6.705
1963, 4, , , 6.858, 7.010, 6.706
1963, 5, , , 6.858, 7.009, 6.706
1963, 6, , , 6.858, 7.009, 6.707
1963, 7, , , 6.858, 7.009, 6.707
1963, 8, , , 6.859, 7.009, 6.708
1963, 9, , , 6.859, 7.009, 6.709
1963, 10, , , 6.859, 7.009, 6.709
1963, 11, , , 6.859, 7.009, 6.710
1963, 12, , , 6.859, 7.008, 6.710
1964, 1, , , 6.860, 7.008, 6.711
1964, 2, , , 6.860, 7.008, 6.712
1964, 3, , , 6.860, 7.008, 6.712
1964, 4, , , 6.860, 7.008, 6.713
1964, 5, , , 6.861, 7.008, 6.713
1964, 6, , , 6.861, 7.008, 6.714
1964, 7, , , 6.861, 7.008, 6.715
1964, 8, , , 6.861, 7.007, 6.715
1964, 9, , , 6.862, 7.007, 6.716
1964, 10, , , 6.862, 7.007, 6.717
1964, 11, , , 6.862, 7.007, 6.717
1964, 12, , , 6.862, 7.007, 6.718
1965, 1, , , 6.863, 7.007, 6.718
1965, 2, , , 6.863, 7.007, 6.719
1965, 3, , , 6.863, 7.006, 6.720
1965, 4, , , 6.863, 7.006, 6.720
1965, 5, , , 6.863, 7.006, 6.721
1965, 6, , , 6.864, 7.006, 6.721
1965, 7, , , 6.864, 7.006, 6.722
1965, 8, , , 6.864, 7.006, 6.723
1965, 9, , , 6.864, 7.006, 6.723
1965, 10, , , 6.865, 7.005, 6.724
1965, 11, , , 6.865, 7.005, 6.724
1965, 12, , , 6.865, 7.005, 6.725
1966, 1, , , 6.865, 7.005, 6.726
1966, 2, , , 6.866, 7.005, 6.726
1966, 3, , , 6.866, 7.005, 6.727
1966, 4, , , 6.866, 7.005, 6.727
1966, 5, , , 6.866, 7.005, 6.728
1966, 6, , , 6.866, 7.004, 6.729
1966, 7, , , 6.867, 7.004, 6.729
1966, 8, , , 6.867, 7.004, 6.730
1966, 9, , , 6.867, 7.004, 6.730
1966, 10, , , 6.867, 7.004, 6.731
1966, 11, , , 6.868, 7.004, 6.732
1966, 12, , , 6.868, 7.004, 6.732
1967, 1, , , 6.868, 7.003, 6.733
1967, 2, , , 6.868, 7.003, 6.733
1967, 3, , , 6.869, 7.003, 6.734
1967, 4, , , 6.869, 7.003, 6.735
1967, 5, , , 6.869, 7.003, 6.735
1967, 6, , , 6.869, 7.003, 6.736
1967, 7, , , 6.870, 7.003, 6.736
1967, 8, , , 6.870, 7.003, 6.737
1967, 9, , , 6.870, 7.002, 6.738
1967, 10, , , 6.870, 7.002, 6.738
1967, 11, , , 6.870, 7.002, 6.739
1967, 12, , , 6.871, 7.002, 6.739
1968, 1, , , 6.871, 7.002, 6.740
1968, 2, , , 6.871, 7.002, 6.741
1968, 3, , , 6.871, 7.002, 6.741
1968, 4, , , 6.872, 7.002, 6.742
1968, 5, , , 6.872, 7.001, 6.742
1968, 6, , , 6.872, 7.001, 6.743
1968, 7, , , 6.872, 7.001, 6.743
1968, 8, , , 6.873, 7.001, 6.744
1968, 9, , , 6.873, 7.001, 6.745
1968, 10, , , 6.873, 7.001, 6.745
1968, 11, , , 6.873, 7.001, 6.746
1968, 12, , , 6.873, 7.000, 6.746
1969, 1, , , 6.874, 7.000, 6.747
1969, 2, , , 6.874, 7.000, 6.748
1969, 3, , , 6.874, 7.000, 6.748
1969, 4, , , 6.874, 7.000, 6.749
1969, 5, , , 6.875, 7.000, 6.749
1969, 6, , , 6.875, 7.000, 6.750
1969, 7, , , 6.875, 7.000, 6.751
1969, 8, , , 6.875, 6.999, 6.751
1969, 9, , , 6.876, 6.999, 6.752
1969, 10, , , 6.876, 6.999, 6.752
1969, 11, , , 6.876, 6.999, 6.753
1969, 12, , , 6.876, 6.999, 6.754
1970, 1, , , 6.877, 6.999, 6.754
1970, 2, , , 6.877, 6.999, 6.755
1970, 3, , , 6.877, 6.999, 6.755
1970, 4, , , 6.877, 6.998, 6.756
1970, 5, , , 6.877, 6.998, 6.757
1970, 6, , , 6.878, 6.998, 6.757
1970, 7, , , 6.878, 6.998, 6.758
1970, 8, , , 6.878, 6.998, 6.758
1970, 9, , , 6.878, 6.998, 6.759
1970, 10, , , 6.879, 6.998, 6.760
1970, 11, , , 6.879, 6.998, 6.760
1970, 12, , , 6.879, 6.997, 6.761
1971, 1, , , 6.879, 6.997, 6.761
1971, 2, , , 6.880, 6.997, 6.762
1971, 3, , , 6.880, 6.997, 6.762
1971, 4, , , 6.880, 6.997, 6.763
1971, 5, , , 6.880, 6.997, 6.764
1971, 6, , , 6.880, 6.997, 6.764
1971, 7, , , 6.881, 6.997, 6.765
1971, 8, , , 6.881, 6.996, 6.765
1971, 9, , , 6.881, 6.996, 6.766
1971, 10, , , 6.881, 6.996, 6.767
1971, 11, , , 6.882, 6.996, 6.767
1971, 12, , , 6.882, 6.996, 6.768
1972, 1, , , 6.882, 6.996, 6.768
1972, 2, , , 6.882, 6.996, 6.769
1972, 3, , , 6.883, 6.996, 6.770
1972, 4, , , 6.883, 6.996, 6.770
1972, 5, , , 6.883, 6.995, 6.771
1972, 6, , , 6.883, 6.995, 6.771
1972, 7, , , 6.884, 6.995, 6.772
1972, 8, , , 6.884, 6.995, 6.772
1972, 9, , , 6.884, 6.995, 6.773
1972, 10, , , 6.884, 6.995, 6.774
1972, 11, , , 6.884, 6.995, 6.774
1972, 12, , , 6.885, 6.995, 6.775
1973, 1, , , 6.885, 6.994, 6.775
1973, 2, , , 6.885, 6.994, 6.776
1973, 3, , , 6.885, 6.994, 6.777
1973, 4, , , 6.886, 6.994, 6.777
1973, 5, , , 6.886, 6.994, 6.778
1973, 6, , , 6.886, 6.994, 6.778
1973, 7, , , 6.886, 6.994, 6.779
1973, 8, , , 6.887, 6.994, 6.779
1973, 9, , , 6.887, 6.994, 6.780
1973, 10, , , 6.887, 6.993, 6.781
1973, 11, , , 6.887, 6.993, 6.781
1973, 12, , , 6.887, 6.993, 6.782
1974, 1, , , 6.888, 6.993, 6.782
1974, 2, , , 6.888, 6.993, 6.783
1974, 3, , , 6.888, 6.993, 6.783
1974, 4, , , 6.888, 6.993, 6.784
1974, 5, , , 6.889, 6.993, 6.785
1974, 6, , , 6.889, 6.993, 6.785
1974, 7, , , 6.889, 6.992, 6.786
1974, 8, , , 6.889, 6.992, 6.786
1974, 9, , , 6.890, 6.992, 6.787
1974, 10, , , 6.890, 6.992, 6.788
1974, 11, , , 6.890, 6.992, 6.788
1974, 12, 7.003, U, 6.890, 6.992, 6.789
1975, 1, 6.971, U, 6.891, 6.992, 6.789
1975, 2, , , 6.891, 6.992, 6.790
1975, 3, 7.003, U, 6.891, 6.992, 6.790
1975, 4, 7.012, U, 6.891, 6.991, 6.791
1975, 5, 7.014, U, 6.891, 6.991, 6.792
1975, 6, , , 6.892, 6.991, 6.792
1975, 7, 7.061, U, 6.892, 6.991, 6.793
1975, 8, 7.062, U, 6.892, 6.991, 6.793
1975, 9, 7.091, U, 6.892, 6.991, 6.794
1975, 10, 7.115, U, 6.893, 6.991, 6.794
1975, 11, 7.105, U, 6.893, 6.991, 6.795
1975, 12, 7.078, U, 6.893, 6.991, 6.796
1976, 1, 7.107, U, 6.893, 6.991, 6.796
1976, 2, 7.026, U, 6.894, 6.990, 6.797
1976, 3, 6.996, U, 6.894, 6.990, 6.797
1976, 4, 6.998, U, 6.894, 6.990, 6.798
1976, 5, 7.007, U, 6.894, 6.990, 6.798
1976, 6, 6.994, U, 6.894, 6.990, 6.799
1976, 7, 6.987, U, 6.895, 6.990, 6.800
1976, 8, 6.943, U, 6.895, 6.990, 6.800
1976, 9, 6.947, U, 6.895, 6.990, 6.801
1976, 10, 6.990, U, 6.895, 6.990, 6.801
1976, 11, 7.004, U, 6.896, 6.989, 6.802
1976, 12, 6.969, U, 6.896, 6.989, 6.802
1977, 1, 6.922, U, 6.896, 6.989, 6.803
1977, 2, 6.952, U, 6.896, 6.989, 6.803
1977, 3, 6.974, U, 6.897, 6.989, 6.804
1977, 4, 6.960, U, 6.897, 6.989, 6.805
1977, 5, 6.958, U, 6.897, 6.989, 6.805
1977, 6, 6.921, U, 6.897, 6.989, 6.806
1977, 7, 6.931, U, 6.898, 6.989, 6.806
1977, 8, 6.901, U, 6.898, 6.989, 6.807
1977, 9, 6.861, U, 6.898, 6.989, 6.807
1977, 10, 6.851, U, 6.898, 6.988, 6.808
1977, 11, 6.843, U, 6.898, 6.988, 6.809
1977, 12, 6.810, U, 6.899, 6.988, 6.809
1978, 1, 6.793, U, 6.899, 6.988, 6.810
1978, 2, 6.750, U, 6.899, 6.988, 6.810
1978, 3, 6.775, U, 6.899, 6.988, 6.811
1978, 4, 6.867, U, 6.900, 6.988, 6.811
1978, 5, 6.964, U, 6.900, 6.988, 6.812
1978, 6, 6.984, U, 6.900, 6.988, 6.812
1978, 7, 7.004, U, 6.900, 6.988, 6.813
1978, 8, 6.974, U, 6.901, 6.988, 6.814
1978, 9, 6.965, U, 6.901, 6.987, 6.814
1978, 10, 6.942, U, 6.901, 6.987, 6.815
1978, 11, 6.921, U, 6.901, 6.987, 6.815
1978, 12, 6.914, U, 6.901, 6.987, 6.816
1979, 1, 6.858, U, 6.902, 6.987, 6.816
1979, 2, 6.849, U, 6.902, 6.987, 6.817
1979, 3, 6.920, U, 6.902, 6.987, 6.817
1979, 4, 6.914, U, 6.902, 6.987, 6.818
1979, 5, 6.945, U, 6.903, 6.987, 6.819
1979, 6, , , 6.903, 6.987, 6.819
1979, 7, , , 6.903, 6.987, 6.820
1979, 8, , , 6.903, 6.987, 6.820
1979, 9, , , 6.904, 6.986, 6.821
1979, 10, 6.915, U, 6.904, 6.986, 6.821
1979, 11, 6.886, U, 6.904, 6.986, 6.822
1979, 12, 6.856, U, 6.904, 6.986, 6.822
1980, 1, 6.893, U, 6.905, 6.986, 6.823
1980, 2, 6.890, U, 6.905, 6.986, 6.823
1980, 3, 6.924, U, 6.905, 6.986, 6.824
1980, 4, 6.813, U, 6.905, 6.986, 6.825
1980, 5, 6.831, U, 6.905, 6.986, 6.825
1980, 6, 6.888, U, 6.906, 6.986, 6.826
1980, 7, 6.879, U, 6.906, 6.986, 6.826
1980, 8, 6.911, U, 6.906, 6.986, 6.827
1980, 9, 6.901, U, 6.906, 6.986, 6.827
1980, 10, 6.934, U, 6.907, 6.985, 6.828
1980, 11, 6.935, U, 6.907, 6.985, 6.828
1980, 12, 6.899, U, 6.907, 6.985, 6.829
1981, 1, 6.962, U, 6.907, 6.985, 6.829
1981, 2, 6.947, U, 6.908, 6.985, 6.830
1981, 3, 6.875, U, 6.908, 6.985, 6.830
1981, 4, 6.906, U, 6.908, 6.985, 6.831
1981, 5, 6.889, U, 6.908, 6.985, 6.832
1981, 6, 6.946, U, 6.908, 6.985, 6.832
1981, 7, 6.958, U, 6.909, 6.985, 6.833
1981, 8, 6.945, U, 6.909, 6.985, 6.833
1981, 9, 6.963, U, 6.909, 6.985, 6.834
1981, 10, 6.953, U, 6.909, 6.985, 6.834
1981, 11, 6.984, U, 6.910, 6.985, 6.835
1981, 12, 6.951, U, 6.910, 6.985, 6.835
1982, 1, 6.963, U, 6.910, 6.985, 6.836
1982, 2, 7.012, U, 6.910, 6.984, 6.836
1982, 3, 6.986, U, 6.911, 6.984, 6.837
1982, 4, 6.975, U, 6.911, 6.984, 6.837
1982, 5, 6.955, U, 6.911, 6.984, 6.838
1982, 6, 6.973, U, 6.911, 6.984, 6.838
1982, 7, 6.903, U, 6.912, 6.984, 6.839
1982, 8, 6.886, U, 6.912, 6.984, 6.839
1982, 9, 6.857, U, 6.912, 6.984, 6.840
1982, 10, 6.815, U, 6.912, 6.984, 6.840
1982, 11, 6.791, U, 6.912, 6.984, 6.841
1982, 12, 6.774, U, 6.913, 6.984, 6.841
1983, 1, 6.758, U, 6.913, 6.984, 6.842
1983, 2, 6.682, U, 6.913, 6.984, 6.842
1983, 3, 6.638, U, 6.913, 6.984, 6.843
1983, 4, 6.642, U, 6.914, 6.984, 6.843
1983, 5, 6.621, U, 6.914, 6.984, 6.844
1983, 6, 6.601, U, 6.914, 6.984, 6.844
1983, 7, 6.600, U, 6.914, 6.984, 6.845
1983, 8, 6.647, U, 6.915, 6.984, 6.845
1983, 9, 6.744, U, 6.915, 6.984, 6.846
1983, 10, 6.786, U, 6.915, 6.984, 6.846
1983, 11, 6.800, U, 6.915, 6.984, 6.847
1983, 12, 6.867, U, 6.915, 6.983, 6.847
1984, 1, 6.982, U, 6.916, 6.983, 6.848
1984, 2, 7.066, U, 6.916, 6.983, 6.848
1984, 3, 7.051, U, 6.916, 6.983, 6.849
1984, 4, 6.993, U, 6.916, 6.983, 6.849
1984, 5, 6.982, U, 6.917, 6.983, 6.850
1984, 6, 6.917, U, 6.917, 6.983, 6.850
1984, 7, 6.859, U, 6.917, 6.983, 6.851
1984, 8, 6.890, U, 6.917, 6.983, 6.851
1984, 9, 6.882, U, 6.918, 6.983, 6.852
1984, 10, 6.847, U, 6.918, 6.983, 6.852
1984, 11, 6.841, U, 6.918, 6.983, 6.853
1984, 12, 6.955, U, 6.918, 6.983, 6.853
1985, 1, 6.940, U, 6.919, 6.983, 6.854
1985, 2, 6.993, U, 6.919, 6.983, 6.854
1985, 3, 6.885, U, 6.919, 6.983, 6.855
1985, 4, 7.001, U, 6.919, 6.983, 6.855
1985, 5, 6.986, U, 6.919, 6.983, 6.856
1985, 6, 6.973, U, 6.920, 6.983, 6.856
1985, 7, 7.002, U, 6.920, 6.983, 6.857
1985, 8, 6.961, U, 6.920, 6.983, 6.857
1985, 9, 6.985, U, 6.920, 6.983, 6.858
1985, 10, 6.970, U, 6.921, 6.983, 6.858
1985, 11, 6.964, U, 6.921, 6.983, 6.859
1985, 12, 6.944, U, 6.921, 6.983, 6.859
1986, 1, 6.972, U, 6.921, 6.983, 6.860
1986, 2, 6.979, U, 6.922, 6.983, 6.860
1986, 3, 7.021, U, 6.922, 6.983, 6.860
1986, 4, 7.042, U, 6.922, 6.983, 6.861
1986, 5, 6.996, U, 6.922, 6.983, 6.861
1986, 6, 6.984, U, 6.922, 6.983, 6.862
1986, 7, 6.979, U, 6.923, 6.983, 6.862
1986, 8, 6.953, U, 6.923, 6.983, 6.863
1986, 9, 6.935, U, 6.923, 6.983, 6.863
1986, 10, 6.919, U, 6.923, 6.983, 6.864
1986, 11, 6.938, U, 6.924, 6.983, 6.864
1986, 12, 6.824, U, 6.924, 6.983, 6.864
1987, 1, 6.777, U, 6.924, 6.983, 6.865
1987, 2, 6.775, U, 6.924, 6.983, 6.865
1987, 3, 6.696, U, 6.925, 6.983, 6.866
1987, 4, 6.669, U, 6.925, 6.983, 6.866
1987, 5, 6.680, U, 6.925, 6.983, 6.867
1987, 6, 6.691, U, 6.925, 6.983, 6.867
1987, 7, 6.738, U, 6.926, 6.983, 6.868
1987, 8, 6.782, U, 6.926, 6.984, 6.868
1987, 9, 6.783, U, 6.926, 6.984, 6.868
1987, 10, 6.808, U, 6.926, 6.984, 6.869
1987, 11, 6.834, U, 6.926, 6.984, 6.869
1987, 12, 6.854, U, 6.927, 6.984, 6.870
1988, 1, 6.809, U, 6.927, 6.984, 6.870
1988, 2, 6.794, U, 6.927, 6.984, 6.871
1988, 3, 6.900, U, 6.927, 6.984, 6.871
1988, 4, 6.962, U, 6.928, 6.984, 6.871
1988, 5, 6.970, U, 6.928, 6.984, 6.872
1988, 6, 6.978, U, 6.928, 6.984, 6.872
1988, 7, 7.002, U, 6.928, 6.984, 6.873
1988, 8, 7.002, U, 6.929, 6.984, 6.873
1988, 9, 6.991, U, 6.929, 6.984, 6.873
1988, 10, 6.968, U, 6.929, 6.984, 6.874
1988, 11, 7.014, U, 6.929, 6.984, 6.874
1988, 12, 7.036, U, 6.929, 6.984, 6.875
1989, 1, 7.058, U, 6.930, 6.985, 6.875
1989, 2, 7.098, U, 6.930, 6.985, 6.875
1989, 3, 7.051, U, 6.930, 6.985, 6.876
1989, 4, 7.069, U, 6.930, 6.985, 6.876
1989, 5, 7.045, U, 6.931, 6.985, 6.876
1989, 6, 6.979, U, 6.931, 6.985, 6.877
1989, 7, 7.012, U, 6.931, 6.985, 6.877
1989, 8, 7.008, U, 6.931, 6.985, 6.878
1989, 9, 7.017, U, 6.932, 6.985, 6.878
1989, 10, 7.011, U, 6.932, 6.985, 6.878
1989, 11, 6.970, U, 6.932, 6.985, 6.879
1989, 12, 6.933, U, 6.932, 6.986, 6.879
1990, 1, 6.970, U, 6.933, 6.986, 6.879
1990, 2, 6.870, U, 6.933, 6.986, 6.880
1990, 3, 6.819, U, 6.933, 6.986, 6.880
1990, 4, 6.831, U, 6.933, 6.986, 6.881
1990, 5, 6.908, U, 6.933, 6.986, 6.881
1990, 6, 6.965, U, 6.934, 6.986, 6.881
1990, 7, 7.006, U, 6.934, 6.986, 6.882
1990, 8, 6.995, U, 6.934, 6.986, 6.882
1990, 9, 6.975, U, 6.934, 6.987, 6.882
1990, 10, 6.992, U, 6.935, 6.987, 6.883
1990, 11, 6.998, U, 6.935, 6.987, 6.883
1990, 12, 6.952, U, 6.935, 6.987, 6.883
1991, 1, 6.937, U, 6.935, 6.987, 6.884
1991, 2, 6.997, U, 6.936, 6.987, 6.884
1991, 3, 6.993, U, 6.936, 6.987, 6.884
1991, 4, 6.965, U, 6.936, 6.988, 6.885
1991, 5, 6.980, U, 6.936, 6.988, 6.885
1991, 6, 6.974, U, 6.936, 6.988, 6.885
1991, 7, 6.975, U, 6.937, 6.988, 6.885
1991, 8, 6.976, U, 6.937, 6.988, 6.886
1991, 9, 6.915, U, 6.937, 6.988, 6.886
1991, 10, 6.934, U, 6.937, 6.988, 6.886
1991, 11, 6.905, U, 6.938, 6.989, 6.887
1991, 12, 6.828, U, 6.938, 6.989, 6.887
1992, 1, 6.729, U, 6.938, 6.989, 6.887
1992, 2, 6.677, U, 6.938, 6.989, 6.888
1992, 3, 6.634, U, 6.939, 6.989, 6.888
1992, 4, 6.597, U, 6.939, 6.990, 6.888
1992, 5, 6.584, U, 6.939, 6.990, 6.888
1992, 6, 6.646, U, 6.939, 6.990, 6.889
1992, 7, 6.673, U, 6.940, 6.990, 6.889
1992, 8, 6.735, U, 6.940, 6.990, 6.889
1992, 9, 6.793, U, 6.940, 6.990, 6.890
1992, 10, 6.824, U, 6.940, 6.991, 6.890
1992, 11, 6.806, U, 6.940, 6.991, 6.890
1992, 12, 6.847, U, 6.941, 6.991, 6.890
1993, 1, 6.738, U, 6.941, 6.991, 6.891
1993, 2, 6.727, U, 6.941, 6.992, 6.891
1993, 3, 6.703, U, 6.941, 6.992, 6.891
1993, 4, 6.737, U, 6.942, 6.992, 6.891
1993, 5, 6.732, U, 6.942, 6.992, 6.892
1993, 6, 6.756, U, 6.942, 6.992, 6.892
1993, 7, 6.808, U, 6.942, 6.993, 6.892
1993, 8, 6.776, U, 6.943, 6.993, 6.892
1993, 9, 6.785, U, 6.943, 6.993, 6.893
1993, 10, 6.800, U, 6.943, 6.993, 6.893
1993, 11, 6.802, U, 6.943, 6.994, 6.893
1993, 12, 6.818, U, 6.943, 6.994, 6.893
1994, 1, 6.861, U, 6.944, 6.994, 6.893
1994, 2, 6.937, U, 6.944, 6.994, 6.894
1994, 3, 6.986, U, 6.944, 6.995, 6.894
1994, 4, 6.941, U, 6.944, 6.995, 6.894
1994, 5, 6.932, U, 6.945, 6.995, 6.894
1994, 6, 6.928, U, 6.945, 6.995, 6.894
1994, 7, 6.914, U, 6.945, 6.996, 6.895
1994, 8, 6.917, U, 6.945, 6.996, 6.895
1994, 9, 6.832, U, 6.946, 6.996, 6.895
1994, 10, 6.850, U, 6.946, 6.996, 6.895
1994, 11, 6.848, U, 6.946, 6.997, 6.895
1994, 12, 6.835, U, 6.946, 6.997, 6.896
1995, 1, 6.808, U, 6.947, 6.997, 6.896
1995, 2, 6.760, U, 6.947, 6.998, 6.896
1995, 3, 6.904, U, 6.947, 6.998, 6.896
1995, 4, 6.952, U, 6.947, 6.998, 6.896
1995, 5, 6.925, U, 6.947, 6.998, 6.897
1995, 6, 6.934, U, 6.948, 6.999, 6.897
1995, 7, 7.019, U, 6.948, 6.999, 6.897
1995, 8, 6.997, U, 6.948, 6.999, 6.897
1995, 9, 6.986, U, 6.948, 7.000, 6.897
1995, 10, 6.994, U, 6.949, 7.000, 6.897
1995, 11, 6.991, U, 6.949, 7.000, 6.897
1995, 12, 6.981, U, 6.949, 7.001, 6.898
1996, 1, 6.984, U, 6.949, 7.001, 6.898
1996, 2, 7.027, U, 6.950, 7.001, 6.898
1996, 3, 7.027, U, 6.950, 7.002, 6.898
1996, 4, 7.058, U, 6.950, 7.002, 6.898
1996, 5, 7.005, U, 6.950, 7.002, 6.898
1996, 6, 6.962, U, 6.950, 7.003, 6.898
1996, 7, 7.006, U, 6.951, 7.003, 6.899
1996, 8, 7.012, U, 6.951, 7.003, 6.899
1996, 9, 7.029, U, 6.951, 7.004, 6.899
1996, 10, 6.986, U, 6.951, 7.004, 6.899
1996, 11, 6.988, U, 6.952, 7.004, 6.899
1996, 12, 7.000, U, 6.952, 7.005, 6.899
1997, 1, 6.960, U, 6.952, 7.005, 6.899
1997, 2, 6.984, U, 6.952, 7.005, 6.899
1997, 3, 6.982, U, 6.953, 7.006, 6.900
1997, 4, 6.834, U, 6.953, 7.006, 6.900
1997, 5, 6.833, U, 6.953, 7.006, 6.900
1997, 6, 6.870, U, 6.953, 7.007, 6.900
1997, 7, , , 6.954, 7.007, 6.900
1997, 8, , , 6.954, 7.007, 6.900
1997, 9, 6.730, U, 6.954, 7.008, 6.900
1997, 10, 6.740, U, 6.954, 7.008, 6.900
1997, 11, 6.712, U, 6.954, 7.009, 6.900
1997, 12, 6.756, U, 6.955, 7.009, 6.900
1998, 1, 6.774, U, 6.955, 7.009, 6.901
1998, 2, 6.700, U, 6.955, 7.010, 6.901
1998, 3, 6.673, U, 6.955, 7.010, 6.901
1998, 4, 6.726, U, 6.956, 7.010, 6.901
1998, 5, 6.760, U, 6.956, 7.011, 6.901
1998, 6, 6.800, U, 6.956, 7.011, 6.901
1998, 7, 6.751, U, 6.956, 7.012, 6.901
1998, 8, 6.828, U, 6.957, 7.012, 6.901
1998, 9, 6.830, U, 6.957, 7.012, 6.901
1998, 10, 6.833, U, 6.957, 7.013, 6.901
1998, 11, 6.855, U, 6.957, 7.013, 6.901
1998, 12, 6.884, U, 6.957, 7.014, 6.901
1999, 1, 6.998, U, 6.958, 7.014, 6.901
1999, 2, 7.105, U, 6.958, 7.015, 6.901
1999, 3, 7.075, U, 6.958, 7.015, 6.901
1999, 4, 7.013, U, 6.958, 7.015, 6.902
1999, 5, 6.986, U, 6.959, 7.016, 6.902
1999, 6, 6.955, U, 6.959, 7.016, 6.902
1999, 7, 6.983, U, 6.959, 7.017, 6.902
1999, 8, 7.011, U, 6.959, 7.017, 6.902
1999, 9, 7.042, U, 6.960, 7.017, 6.902
1999, 10, 7.031, U, 6.960, 7.018, 6.902
1999, 11, 7.016, U, 6.960, 7.018, 6.902
1999, 12, 7.056, U, 6.960, 7.019, 6.902
2000, 1, 7.083, U, 6.961, 7.019, 6.902
2000, 2, 7.055, U, 6.961, 7.020, 6.902
2000, 3, 7.095, U, 6.961, 7.020, 6.902
2000, 4, 7.093, U, 6.961, 7.021, 6.902
2000, 5, 7.071, U, 6.961, 7.021, 6.902
2000, 6, 7.045, U, 6.962, 7.021, 6.902
2000, 7, 7.025, U, 6.962, 7.022, 6.902
2000, 8, 6.957, U, 6.962, 7.022, 6.902
2000, 9, 7.000, U, 6.962, 7.023, 6.902
2000, 10, 7.031, U, 6.963, 7.023, 6.902
2000, 11, 7.050, U, 6.963, 7.024, 6.902
2000, 12, 7.083, U, 6.963, 7.024, 6.902
2001, 1, 7.074, U, 6.963, 7.025, 6.902
2001, 2, 7.139, U, 6.964, 7.025, 6.902
2001, 3, 7.088, U, 6.964, 7.025, 6.902
2001, 4, 7.105, U, 6.964, 7.026, 6.902
2001, 5, 7.043, U, 6.964, 7.026, 6.902
2001, 6, 6.917, U, 6.965, 7.027, 6.902
2001, 7, 6.784, U, 6.965, 7.027, 6.902
2001, 8, 6.935, U, 6.965, 7.028, 6.902
2001, 9, 6.976, U, 6.965, 7.028, 6.902
2001, 10, 6.974, U, 6.965, 7.029, 6.902
2001, 11, 7.003, U, 6.966, 7.029, 6.902
2001, 12, 6.958, U, 6.966, 7.030, 6.902
2002, 1, 6.901, U, 6.966, 7.030, 6.902
2002, 2, 6.889, U, 6.966, 7.031, 6.902
2002, 3, 6.912, U, 6.967, 7.031, 6.902
2002, 4, 6.963, U, 6.967, 7.032, 6.902
2002, 5, 6.991, U, 6.967, 7.032, 6.902
2002, 6, 7.021, U, 6.967, 7.033, 6.902
2002, 7, 6.966, U, 6.968, 7.033, 6.902
2002, 8, 6.961, U, 6.968, 7.034, 6.902
2002, 9, 6.882, U, 6.968, 7.034, 6.902
2002, 10, 6.858, U, 6.968, 7.035, 6.902
2002, 11, 6.892, U, 6.968, 7.035, 6.902
2002, 12, 6.874, U, 6.969, 7.035, 6.902
2003, 1, 6.849, U, 6.969, 7.036, 6.902
2003, 2, 6.813, U, 6.969, 7.036, 6.902
2003, 3, 6.869, U, 6.969, 7.037, 6.902
2003, 4, 6.887, U, 6.970, 7.037, 6.902
2003, 5, 6.998, U, 6.970, 7.038, 6.902
2003, 6, 7.005, U, 6.970, 7.038, 6.902
2003, 7, 7.022, U, 6.970, 7.039, 6.902
2003, 8, 6.987, U, 6.971, 7.039, 6.902
2003, 9, 7.002, U, 6.971, 7.040, 6.902
2003, 10, 6.988, U, 6.971, 7.040, 6.902
2003, 11, 6.950, U, 6.971, 7.041, 6.902
2003, 12, 6.979, U, 6.972, 7.041, 6.902
2004, 1, 6.933, U, 6.972, 7.042, 6.901
2004, 2, 6.916, U, 6.972, 7.043, 6.901
2004, 3, 7.017, U, 6.972, 7.043, 6.901
2004, 4, 6.939, U, 6.972, 7.044, 6.901
2004, 5, 6.976, U, 6.973, 7.044, 6.901
2004, 6, 6.950, U, 6.973, 7.045, 6.901
2004, 7, 6.946, U, 6.973, 7.045, 6.901
2004, 8, 6.917, U, 6.973, 7.046, 6.901
2004, 9, 6.948, U, 6.974, 7.046, 6.901
2004, 10, 6.928, U, 6.974, 7.047, 6.901
2004, 11, 6.942, U, 6.974, 7.047, 6.901
2004, 12, 6.903, U, 6.974, 7.048, 6.901
2005, 1, 6.957, U, 6.975, 7.048, 6.901
2005, 2, 6.900, U, 6.975, 7.049, 6.901
2005, 3, 6.813, U, 6.975, 7.049, 6.901
2005, 4, 6.928, U, 6.975, 7.050, 6.901
2005, 5, 6.927, U, 6.975, 7.050, 6.901
2005, 6, 6.974, U, 6.976, 7.051, 6.901
2005, 7, 6.967, U, 6.976, 7.051, 6.901
2005, 8, 6.972, U, 6.976, 7.052, 6.900
2005, 9, 7.009, U, 6.976, 7.052, 6.900
2005, 10, 7.010, U, 6.977, 7.053, 6.900
2005, 11, 7.042, U, 6.977, 7.053, 6.900
2005, 12, 7.034, U, 6.977, 7.054, 6.900
2006, 1, 7.093, U, 6.977, 7.055, 6.900
2006, 2, 7.115, U, 6.978, 7.055, 6.900
2006, 3, 7.134, U, 6.978, 7.056, 6.900
2006, 4, 7.090, U, 6.978, 7.056, 6.900
2006, 5, 7.044, U, 6.978, 7.057, 6.900
2006, 6, 7.021, U, 6.979, 7.057, 6.900
2006, 7, 6.985, U, 6.979, 7.058, 6.900
2006, 8, 6.921, U, 6.979, 7.058, 6.900
2006, 9, 6.920, U, 6.979, 7.059, 6.900
2006, 10, 6.883, U, 6.979, 7.059, 6.900
2006, 11, 6.874, U, 6.980, 7.060, 6.899
2006, 12, 6.893, U, 6.980, 7.060, 6.899
2007, 1, 6.913, U, 6.980, 7.061, 6.899
2007, 2, 6.894, U, 6.980, 7.061, 6.899
2007, 3, 6.955, U, 6.981, 7.062, 6.899
2007, 4, 6.983, U, 6.981, 7.063, 6.899
2007, 5, 7.006, U, 6.981, 7.063, 6.899
2007, 6, 7.042, U, 6.981, 7.064, 6.899
2007, 7, 7.012, U, 6.982, 7.064, 6.899
2007, 8, 7.057, U, 6.982, 7.065, 6.899
2007, 9, 7.037, U, 6.982, 7.065, 6.899
2007, 10, 7.020, U, 6.982, 7.066, 6.899
2007, 11, 7.097, U, 6.982, 7.066, 6.899
2007, 12, 7.088, U, 6.983, 7.067, 6.898
2008, 1, 7.141, U, 6.983, 7.067, 6.898
2008, 2, 7.139, U, 6.983, 7.068, 6.898
2008, 3, 7.166, U, 6.983, 7.069, 6.898
2008, 4, 7.134, U, 6.984, 7.069, 6.898
2008, 5, 7.071, U, 6.984, 7.070, 6.898
2008, 6, 7.040, U, 6.984, 7.070, 6.898
2008, 7, 7.022, U, 6.984, 7.071, 6.898
2008, 8, 7.034, U, 6.985, 7.071, 6.898
2008, 9, 7.029, U, 6.985, 7.072, 6.898
2008, 10, 6.991, U, 6.985, 7.072, 6.898
2008, 11, 7.001, U, 6.985, 7.073, 6.898
2008, 12, 7.078, U, 6.986, 7.074, 6.897
2009, 1, 7.118, U, 6.986, 7.074, 6.897
2009, 2, 7.154, U, 6.986, 7.075, 6.897
2009, 3, 7.133, U, 6.986, 7.075, 6.897
2009, 4, 7.055, U, 6.986, 7.076, 6.897
2009, 5, 7.036, U, 6.987, 7.076, 6.897
2009, 6, 6.995, U, 6.987, 7.077, 6.897
2009, 7, 6.997, U, 6.987, 7.077, 6.897
2009, 8, 6.984, U, 6.987, 7.078, 6.897
2009, 9, 6.974, U, 6.988, 7.079, 6.897
2009, 10, 6.928, U, 6.988, 7.079, 6.897
2009, 11, 6.916, U, 6.988, 7.080, 6.896
2009, 12, 6.904, U, 6.988, 7.080, 6.896
2010, 1, 6.889, U, 6.989, 7.081, 6.896
2010, 2, 6.804, U, 6.989, 7.081, 6.896
2010, 3, 6.790, U, 6.989, 7.082, 6.896
2010, 4, 6.835, U, 6.989, 7.083, 6.896
2010, 5, 6.886, U, 6.989, 7.083, 6.896
2010, 6, 6.949, U, 6.990, 7.084, 6.896
2010, 7, 7.028, U, 6.990, 7.084, 6.896
2010, 8, 7.043, U, 6.990, 7.085, 6.896
2010, 9, 7.027, U, 6.990, 7.085, 6.895
2010, 10, 7.101, U, 6.991, 7.086, 6.895
2010, 11, 7.050, U, 6.991, 7.087, 6.895
2010, 12, 7.096, U, 6.991, 7.087, 6.895
2011, 1, 7.087, U, 6.991, 7.088, 6.895
2011, 2, 7.130, U, 6.992, 7.088, 6.895
2011, 3, 7.119, U, 6.992, 7.089, 6.895
2011, 4, 7.103, U, 6.992, 7.089, 6.895
2011, 5, 7.074, U, 6.992, 7.090, 6.895
2011, 6, 7.061, U, 6.993, 7.091, 6.895
2011, 7, 7.059, U, 6.993, 7.091, 6.894
2011, 8, 7.041, U, 6.993, 7.092, 6.894
2011, 9, 7.092, U, 6.993, 7.092, 6.894
2011, 10, 7.126, U, 6.993, 7.093, 6.894
2011, 11, 7.094, U, 6.994, 7.093, 6.894
2011, 12, 7.132, U, 6.994, 7.094, 6.894
2012, 1, , , 6.994, 7.095, 6.894
2012, 2, , , 6.994, 7.095, 6.894
2012, 3, , , 6.995, 7.096, 6.894
2012, 4, , , 6.995, 7.096, 6.893
2012, 5, , , 6.995, 7.097, 6.893
2012, 6, , , 6.995, 7.097, 6.893
2012, 7, , , 6.996, 7.098, 6.893
2012, 8, , , 6.996, 7.099, 6.893
2012, 9, , , 6.996, 7.099, 6.893
2012, 10, , , 6.996, 7.100, 6.893
2012, 11, , , 6.996, 7.100, 6.893
2012, 12, , , 6.997, 7.101, 6.893
2013, 1, , , 6.997, 7.101, 6.892
2013, 2, , , 6.997, 7.102, 6.892
2013, 3, , , 6.997, 7.103, 6.892
2013, 4, , , 6.998, 7.103, 6.892
2013, 5, , , 6.998, 7.104, 6.892
2013, 6, , , 6.998, 7.104, 6.892
2013, 7, , , 6.998, 7.105, 6.892
2013, 8, , , 6.999, 7.105, 6.892
2013, 9, , , 6.999, 7.106, 6.892
2013, 10, , , 6.999, 7.107, 6.891
2013, 11, , , 6.999, 7.107, 6.891
2013, 12, , , 7.000, 7.108, 6.891
2014, 1, , , 7.000, 7.108, 6.891
2014, 2, , , 7.000, 7.109, 6.891
2014, 3, , , 7.000, 7.110, 6.891
2014, 4, , , 7.000, 7.110, 6.891
2014, 5, , , 7.001, 7.111, 6.891
2014, 6, , , 7.001, 7.111, 6.891
2014, 7, , , 7.001, 7.112, 6.890
2014, 8, , , 7.001, 7.112, 6.890
2014, 9, , , 7.002, 7.113, 6.890
2014, 10, , , 7.002, 7.114, 6.890
2014, 11, , , 7.002, 7.114, 6.890
2014, 12, , , 7.002, 7.115, 6.890
2015, 1, , , 7.003, 7.115, 6.890
2015, 2, , , 7.003, 7.116, 6.890
2015, 3, , , 7.003, 7.117, 6.889
2015, 4, , , 7.003, 7.117, 6.889
2015, 5, , , 7.003, 7.118, 6.889
2015, 6, , , 7.004, 7.118, 6.889
2015, 7, , , 7.004, 7.119, 6.889
2015, 8, , , 7.004, 7.120, 6.889
2015, 9, , , 7.004, 7.120, 6.889
2015, 10, , , 7.005, 7.121, 6.889
2015, 11, , , 7.005, 7.121, 6.888
2015, 12, , , 7.005, 7.122, 6.888
2016, 1, , , 7.005, 7.122, 6.888
2016, 2, , , 7.006, 7.123, 6.888
2016, 3, , , 7.006, 7.124, 6.888
2016, 4, , , 7.006, 7.124, 6.888
2016, 5, , , 7.006, 7.125, 6.888
2016, 6, , , 7.007, 7.125, 6.888
2016, 7, , , 7.007, 7.126, 6.887
2016, 8, , , 7.007, 7.127, 6.887
2016, 9, , , 7.007, 7.127, 6.887
2016, 10, , , 7.007, 7.128, 6.887
2016, 11, , , 7.008, 7.128, 6.887
2016, 12, , , 7.008, 7.129, 6.887
2017, 1, , , 7.008, 7.130, 6.887
2017, 2, , , 7.008, 7.130, 6.887
2017, 3, , , 7.009, 7.131, 6.886
2017, 4, , , 7.009, 7.131, 6.886
2017, 5, , , 7.009, 7.132, 6.886
2017, 6, , , 7.009, 7.133, 6.886
2017, 7, , , 7.010, 7.133, 6.886
2017, 8, , , 7.010, 7.134, 6.886
2017, 9, , , 7.010, 7.134, 6.886
2017, 10, , , 7.010, 7.135, 6.886
2017, 11, , , 7.010, 7.135, 6.885
2017, 12, , , 7.011, 7.136, 6.885
2018, 1, , , 7.011, 7.137, 6.885
2018, 2, , , 7.011, 7.137, 6.885
2018, 3, , , 7.011, 7.138, 6.885
2018, 4, , , 7.012, 7.138, 6.885
2018, 5, , , 7.012, 7.139, 6.885
2018, 6, , , 7.012, 7.140, 6.885
2018, 7, , , 7.012, 7.140, 6.884
2018, 8, , , 7.013, 7.141, 6.884
2018, 9, , , 7.013, 7.141, 6.884
2018, 10, , , 7.013, 7.142, 6.884
2018, 11, , , 7.013, 7.143, 6.884
2018, 12, , , 7.014, 7.143, 6.884
2019, 1, , , 7.014, 7.144, 6.884
2019, 2, , , 7.014, 7.144, 6.884
2019, 3, , , 7.014, 7.145, 6.883
2019, 4, , , 7.014, 7.146, 6.883
2019, 5, , , 7.015, 7.146, 6.883
2019, 6, , , 7.015, 7.147, 6.883
2019, 7, , , 7.015, 7.147, 6.883
2019, 8, , , 7.015, 7.148, 6.883
2019, 9, , , 7.016, 7.149, 6.883
2019, 10, , , 7.016, 7.149, 6.883
2019, 11, , , 7.016, 7.150, 6.882
2019, 12, , , 7.016, 7.150, 6.882
2020, 1, , , 7.017, 7.151, 6.882
2020, 2, , , 7.017, 7.152, 6.882
2020, 3, , , 7.017, 7.152, 6.882
2020, 4, , , 7.017, 7.153, 6.882
2020, 5, , , 7.017, 7.153, 6.882
2020, 6, , , 7.018, 7.154, 6.881
2020, 7, , , 7.018, 7.155, 6.881
2020, 8, , , 7.018, 7.155, 6.881
2020, 9, , , 7.018, 7.156, 6.881
2020, 10, , , 7.019, 7.156, 6.881
2020, 11, , , 7.019, 7.157, 6.881
2020, 12, , , 7.019, 7.158, 6.881
